"no","name","line","ayat","juz","chapterJuz","reviewStatus","totalWords","summaryWords","referenceCount","preciseReferenceCount","rangeIssues","footnoteCandidates","clinical","sciTech","groupMention","findings","summary"
"1","Al-Fatihah","4","7","1-1","1-1","absent","854","41","3","0","0","1","penyakit fisik; medis","","yahudi; nasrani","1 calon sisa penanda catatan; klaim/analogi kesehatan perlu tinjauan; sebutan kelompok agama perlu cek konteks","Surat Al-Fatihah adalah jantung Al-Qur'an yang memuat intisari tauhid, kepastian Hari Kiamat, dan hakikat penghambaan manusia. Sebagai rukun mutlak dalam salat, ia merupakan dialog spiritual langsung dengan Tuhan yang berpuncak pada doa permohonan petunjuk agar manusia selalu berada di jalan kebenaran."
"2","Al-Baqarah","52","286","1-3","1-3","absent","1050","53","3","0","0","0","","","yahudi; nasrani","struktur surat memiliki 3 ayat tanpa cakupan; sebutan kelompok agama perlu cek konteks","Surat Al-Baqarah adalah cetak biru pembangunan peradaban Islam. Setelah memperingatkan kejatuhan Bani Israil yang kerap mempermainkan agama, surat ini meletakkan fondasi perundang-undangan bagi umat Muslim Madinah. Mengatur mulai dari urusan ibadah personal, pernikahan, hukum pidana, hingga tata kelola ekonomi bebas riba, surat ini menjadi pedoman paripurna bagi tegaknya sebuah masyarakat Muslim yang adil."
"3","Ali 'Imran","104","200","3-4","3-4","absent","924","56","3","0","0","0","","sains","nasrani; yahudi; kristen","analogi sains/teknologi perlu tinjauan; sebutan kelompok agama perlu cek konteks","Surat Ali 'Imran adalah manual ketahanan ideologis dan psikologis. Melalui perdebatan teologis dengan penganut Kristen Najran dan evaluasi mendalam pasca kekalahan traumatis di Perang Uhud, surat ini mendidik umat agar tak goyah oleh syubhat (keraguan logika) maupun musibah kekalahan fisik. Surat ini merevolusi konsep kepemimpinan dengan mengedepankan kebijaksanaan dan sifat pemaaf justru di saat krisis melanda."
"4","An-Nisa'","151","176","4-6","4-6","absent","908","50","3","0","0","1","","","yahudi","1 calon sisa penanda catatan; sebutan kelompok agama perlu cek konteks","Surat An-Nisa adalah manifesto keadilan sosial, perundang-undangan domestik, dan hak kemanusiaan dalam Islam. Diturunkan dalam suasana krisis pasca Perang Uhud, surat ini merombak total kezaliman budaya jahiliah dengan menetapkan hukum ketat perlindungan anak yatim, keabsahan hukum kewarisan yang memberi tempat bagi wanita, serta menetapkan keadilan absolut di dalam proses pengadilan."
"5","Al-Ma'idah","199","120","6-7","6-7","absent","978","73","3","0","0","0","","","yahudi; nasrani","sebutan kelompok agama perlu cek konteks","Surat Al-Ma'idah adalah proklamasi agung tentang kesempurnaan agama Islam. Sebagai salah satu surat yang diwahyukan menjelang akhir hayat Nabi Muhammad SAW, surat ini membawa mandat syariat yang bersifat final. Di dalamnya termuat regulasi hukum pidana yang tegas, rincian halal-haram produk konsumsi, serta pengharaman mutlak atas judi dan minuman keras. Surat ini mengunci fondasi ajaran Islam dengan sebuah instruksi ketat: tepati segala ikatan akad dan perjanjian, baik antarmanusia maupun janji pengabdian tauhid kepada Allah."
"6","Al-An'am","248","165","7-8","7-8","absent","982","60","3","0","0","2","","frekuensi; astronomi","","2 calon sisa penanda catatan; analogi sains/teknologi perlu tinjauan","Surat Al-An'am merupakan perisai intelektual terhadap paham ketauhidan yang murni. Dengan memadukan bukti kekuasaan alam semesta dan rekaman metode debat rasional Nabi Ibrahim, surat ini meremukkan pondasi takhayul serta tradisi klenik musyrikin Makkah yang kerap mengarang hukum haram-halal persembahan ternak (sesajen). Narasi surat ini memuncak dan dikunci dengan paparan 10 prinsip etika moral ketuhanan yang menjadi pedoman etika tertinggi kemanusiaan."
"7","Al-A'raf","294","206","8-9","8-9","absent","1074","68","3","0","0","1","","","","1 calon sisa penanda catatan","Surat Al-A'raf adalah epik sejarah peradaban dan spiritualitas umat manusia. Mulai dari insiden kejatuhan Adam di Surga berkat intrik tipu daya Iblis, menyusul rekam jatuh-bangunnya bangsa-bangsa besar (seperti Tsamud dan Fir'aun) yang dihanguskan Allah karena kelaliman tiraninya. Turun pada era kejam di Makkah, surat ini mengajarkan ketahanan batin bagi kaum mukminin—bahwa pertempuran kebenaran melawan kebatilan beserta segala risikonya, tidak lain hanyalah sunnatullah sejarah yang terus digulirkan ulang."
"8","Al-Anfal","340","75","9-10","9-10","absent","1162","61","2","0","0","0","terapi","deterrence","","klaim/analogi kesehatan perlu tinjauan; analogi sains/teknologi perlu tinjauan","Surat Al-Anfal adalah kitab rujukan utama etika operasi militer dan manajemen krisis perselisihan internal. Diturunkan pada masa euforia kemenangan spektakuler Perang Badar, surat ini secara keras membungkam egoisme sahabat yang berselisih berebut pampasan perang, mengevaluasi kemenangan dengan dalil bahwa pertolongan murni turun dari campur tangan Allah, mendidik mental disiplin pertempuran komando, dan membakukan strategi penggentaran lawan (deterrence) dalam hubungan militer internasional."
"9","At-Taubah","387","129","10-11","10-11","absent","1162","81","3","0","0","0","","","orientalis; yahudi; kristen","sebutan kelompok agama perlu cek konteks","Surat At-Taubah merepresentasikan deklarasi proklamasi militer tanpa kompromi (tanpa ucapan Basmalah) guna membersihkan tanah suci dari para durjana pengkhianat pakta koalisi perjanjian serta komplotan kaum munafik penyusup perusak negara. Diluncurkan saat mobilisasi panas Ekspedisi Tabuk melawan imperium raksasa, instrumen surat ini mensterilkan ibukota Jazirah Arab, merumuskan peta 8 penerima paten dana Zakat, diwarnai penelanjangan kedok Masjid palsu, lalu dinetralisir puncaknya dengan penceritaan penebusan tobat epik figur jujur Ka'ab bin Malik serta ditutup sentuhan pesona balutan cinta sayang tanpa batas Rasulullah SAW."
"10","Yunus","438","109","11-11","11-11","absent","828","46","4","0","0","0","","sains","","analogi sains/teknologi perlu tinjauan","Surat Yunus membela keaslian wahyu dan kenabian Muhammad SAW dari keberatan kaum elite Makkah, sekaligus menyandingkan dua kisah taubat yang kontras: taubat Fir'aun yang terlambat dan ditolak, dengan taubat massal kaum Nabi Yunus yang diterima. Surat ini ditutup dengan prinsip kebebasan beragama dan larangan memaksakan keyakinan."
"11","Hud","484","123","11-12","11-12","absent","963","68","3","0","0","0","genetik","biologis","","klaim/analogi kesehatan perlu tinjauan; analogi sains/teknologi perlu tinjauan","Surat Hud adalah epik keteguhan hati yang mendokumentasikan sejarah kejatuhan peradaban zalim masa lalu. Diturunkan di puncak masa tekanan Makkah, surat ini menghibur Rasulullah SAW dengan merinci kisah Nuh, Hud, Saleh, Luth, dan Syu'aib untuk membuktikan bahwa kezaliman akan selalu tumbang oleh keadilan Ilahi. Surat ini menjadi penegas bahwa keselamatan tidak diwariskan lewat darah keturunan, melainkan murni melalui istiqamah yang lurus tanpa keniscayaan untuk berkompromi dengan para penindas."
"12","Yusuf","529","111","12-13","12-13","absent","960","71","2","0","0","0","terapi; depresi","sains","yahudi","klaim/analogi kesehatan perlu tinjauan; analogi sains/teknologi perlu tinjauan; sebutan kelompok agama perlu cek konteks","Surat Yusuf adalah mahakarya ketahanan mental dan keimanan pada takdir yang mengisahkan perjalanan hidup Nabi Yusuf dalam satu untaian narasi sinematik utuh. Mulai dari kegetiran pengkhianatan saudara, jebakan fitnah pelecehan seksual, dinginnya jeruji penjara, hingga klimaks pengangkatannya menjadi menteri ekonomi Mesir. Surat ini mendidik umat pada Sabar Jamil (kesabaran paripurna), seni pemaafan, dan validasi bahwa desain skenario penderitaan dari Allah pada akhirnya selalu diorkestrasikan menjadi pertolongan gemilang bagi hamba yang bertakwa."
"13","Ar-Ra'd","576","43","13-13","13-13","absent","859","67","2","0","0","0","terapi; medis","sains","","klaim/analogi kesehatan perlu tinjauan; analogi sains/teknologi perlu tinjauan","Surat Ar-Ra'd adalah manifesto harmoni antara sains alam dan spiritualitas rohani. Ia membentangkan tanda-tanda kebesaran Tuhan di gugusan tata surya, modifikasi cuaca (petir), dan geografi bumi untuk meruntuhkan kesombongan intelektual kaum kafir. Di puncaknya, surat ini merumuskan hukum revolusi sosiologis bahwa Allah menuntut ikhtiar perubahan nasib dari manusia itu sendiri, dan mengunci pesan bahwa di tengah riuhnya ambisi material duniawi, ketenangan sejati eksklusif hanya diraih lewat zikir."
"14","Ibrahim","620","52","13-13","13-13","absent","900","63","3","0","0","1","","","","1 calon sisa penanda catatan","Surat Ibrahim memetakan peta jalan perubahan peradaban manusia dari kegelapan menuju cahaya ilmu. Surat ini mendidik mental bersyukur, melukiskan perumpamaan tauhid laksana pohon kokoh yang buahnya menaungi masyarakat, dan secara brilian mengekspos pengkhianatan Iblis pada mimbar Hari Kiamat. Puncak surat ini mengabadikan visi geopolitik agung Nabi Ibrahim AS ketika berdoa mengamankan fondasi peradaban tauhid di tanah tandus Makkah demi melahirkan keturunan penegak salat."
"15","Al-Hijr","665","99","14-14","14-14","absent","1012","74","3","0","0","0","terapi; genetik","","","klaim/analogi kesehatan perlu tinjauan","Surat Al-Hijr adalah bunker pelindung spiritual bagi otentisitas Al-Qur'an dan psikologis pengembannya. Diturunkan di tengah gempuran character assassination (pembunuhan karakter) terhadap Nabi SAW, surat ini menampar kaum kafir dengan mendeklarasikan garansi kekal penjagaan keaslian teks Al-Qur'an langsung dari otoritas Langit. Diwarnai kisah prequel historis tentang rasisme kesombongan Iblis dan ditutup hancurnya kota militer terkuat Tsamud (Lembah Al-Hijr), surat ini mendidik manusia bahwa benteng keamanan sejati bukanlah pahatan batu tebal atau kekayaan, melainkan sujud kehambaan."
"16","An-Nahl","710","128","14-14","14-14","absent","1149","78","3","0","0","0","medis","sains; kosmik","","klaim/analogi kesehatan perlu tinjauan; analogi sains/teknologi perlu tinjauan","Surat An-Nahl (Surat Lebah/Surat Nikmat) adalah katalog ensiklopedis mengenai fasilitas agung penciptaan dan biologi ekosistem alam yang Allah sediakan secara subsidi silang demi meruntuhkan kebutaan ateisme dan kekufuran. Memuat mukjizat wahyu instingtual produksi lebah, surat ini memuncak pada penancapan konstitusi moral abadi (Ayat 90): perintah mengelola pemerintahan berbasis Keadilan dan Ihsan serta menumpas praktik eksploitasi tirani. Melalui instruksinya mengenai tata cara diplomasi dialog agama secara elegan (hikmah), An-Nahl bertindak sebagai konstitusi komprehensif bagi tegaknya kesejahteraan sosial kemasyarakatan."
"17","Al-Isra'","757","111","15-15","15-15","absent","756","37","3","0","0","0","","","","","Surat Al-Isra' dibuka dengan mukjizat Isra' sebagai peneguhan kenabian Muhammad SAW, dilanjutkan rangkaian tuntunan akhlak sosial, terutama bakti kepada orang tua, dan diakhiri dengan penegasan kemurnian tauhid serta batas ilmu manusia terhadap perkara gaib seperti hakikat ruh."
"18","Al-Kahf","804","110","15-16","15-16","absent","950","54","3","0","0","0","","","yahudi","struktur surat memiliki 40 ayat tanpa cakupan; sebutan kelompok agama perlu cek konteks","Surat Al-Kahfi merangkai empat kisah yang menguji keimanan dari sisi agama, harta, ilmu, dan kekuasaan: Ashabul Kahfi, pemilik dua kebun, Musa bersama Khidir, dan Dzulqarnain. Diturunkan sebagai jawaban atas tiga pertanyaan yang diajukan kaum Quraisy melalui rabi Yahudi, surat ini dianjurkan dibaca setiap Jumat sebagai bentuk perlindungan, termasuk dari fitnah Dajjal di akhir zaman."
"19","Maryam","853","98","16-16","16-16","absent","696","56","3","0","0","0","","biologis","","analogi sains/teknologi perlu tinjauan","Surat Maryam membuka dengan doa Nabi Zakaria yang dikaruniai Yahya di usia tua, lalu kisah kelahiran Nabi Isa dari Maryam tanpa ayah sebagai bukti kekuasaan Allah, disertai pembelaan atas kesucian Maryam dan kesaksian Isa sejak bayi bahwa ia hamba dan utusan Allah. Surat ini ditutup dengan penegasan luasnya kasih sayang Allah (Ar-Rahman) dan kepastian hari kebangkitan."
"20","Taha","897","135","16-16","16-16","absent","595","40","3","0","0","0","","","","struktur surat memiliki 8 ayat tanpa cakupan","Surat Taha menghibur dan menguatkan Nabi Muhammad SAW melalui kisah panjang Nabi Musa menghadapi Fir'aun, dari pemanggilannya di lembah Tuwa hingga peristiwa anak lembu emas Samiri. Surat ini ditutup dengan penegasan kepastian hari kebangkitan serta anjuran bersabar dan mendirikan salat."
"21","Al-Anbiya'","942","112","17-17","17-17","absent","1148","83","4","0","0","0","terapi; depresi","biologis; sains","","klaim/analogi kesehatan perlu tinjauan; analogi sains/teknologi perlu tinjauan","Surat Al-Anbiya' adalah galeri historis agung yang memamerkan kesatuan misi tauhid dan penderitaan para utusan Allah melintasi berbagai zaman. Surat ini membongkar pola sunnatullah bahwa setiap nabi pasti menghadapi gelombang penolakan serta ujian kerentanan fisik dan mental yang ekstrem, namun doa mereka yang dilandasi tauhid murni selalu memicu operasi penyelamatan instan dari langit (fastajabna lahu). Diakhiri dengan nubuatan eskatologis akhir zaman dan deklarasi bahwa peradaban Islam adalah rahmat bagi semesta alam, surat ini menjadi pelipur lara dan instrumen resiliensi bagi para pejuang kebenaran."
"22","Al-Hajj","988","78","17-17","17-17","absent","1177","78","3","0","0","0","","embriologi; sains","yahudi","analogi sains/teknologi perlu tinjauan; sebutan kelompok agama perlu cek konteks","Surat Al-Hajj merupakan transisi monumental yang memadukan getaran peringatan Hari Kiamat dengan peletakan fondasi institusi ritual dan perlawanan umat. Surat ini mengukuhkan syiar ibadah haji warisan Ibrahim, meluruskan filosofi kurban yang berbasis ketakwaan, dan secara historis melegitimasi turunnya izin perang defensif pertama bagi kaum beriman untuk melawan penindasan serta memproteksi kebebasan beragama lintas iman. Melalui perumpamaan lalat yang menelanjangi ilusi kekuatan berhala, surat ini mengunci identitas umat sebagai ""Muslim"" sejati yang pasrah dan bertawakal penuh kepada perlindungan Allah."
"23","Al-Mu'minun","1033","118","18-18","18-18","absent","1114","77","3","0","0","0","medis","embriologi; sains; biologis","","klaim/analogi kesehatan perlu tinjauan; analogi sains/teknologi perlu tinjauan","Surat Al-Mu'minun bertindak sebagai dokumen piagam pembentukan karakter sumber daya manusia unggul yang merumuskan 7 parameter mutlak kesuksesan orang beriman—merentang dari kekhusyukan salat, pembayaran zakat, penjagaan kehormatan seksual, hingga integritas menjaga amanah. Diperkaya dengan anatomi penciptaan embrio, runtuhnya peradaban penentang rasul masa lalu, dan kerasnya realita penyesalan mayat saat sakaratul maut, surat ini mendidik manusia bahwa keberadaannya di bumi bukanlah sebuah komedi eksistensial tanpa tujuan, melainkan arena ujian yang kelak diadili secara presisi di pengadilan Kiamat."
"24","An-Nur","1078","64","18-18","18-18","absent","1243","88","3","0","0","1","genetik","forensik","","1 calon sisa penanda catatan; klaim/analogi kesehatan perlu tinjauan; analogi sains/teknologi perlu tinjauan","Surat An-Nur adalah kitab undang-undang suci yang secara komprehensif merumuskan perlindungan kehormatan keluarga dan pemeliharaan stabilitas moral masyarakat madani. Diturunkan tepat di tengah guncangan krisis hoaks pencemaran nama baik istri Nabi (Tragedi Ifk), surat ini meletakkan pilar hukum pidana cambuk bagi pezina dan pemfitnah (Qadzaf), merajut protokol etika adab bertamu, menetapkan manajemen visual untuk menundukkan pandangan 31, dan meresmikan busana hijab wanita sebagai identitas perlindungan. Diterangi oleh keagungan tasawuf ""Ayat Cahaya"", surat ini memastikan bahwa ketertiban moral publik berakar kuat dari pelestarian kesucian privat di ruang rumah tangga."
"25","Al-Furqan","1123","77","18-19","18-19","absent","1184","83","3","0","0","0","","biologis; sains; astronomi","","analogi sains/teknologi perlu tinjauan","Surat Al-Furqan berdiri tegak sebagai monumen pemisah antara rasionalitas wahyu tauhid dan absurditas klaim paganisme. Diwarnai dengan jawaban-jawaban logis atas hinaan musuh terhadap status kemanusiaan biologis Nabi, surat ini melebarkan sayapnya membedah bahaya pertemanan beracun (toxic friendship), memamerkan manifestasi sains oseanografi dan astronomi di alam semesta, serta menguak ancaman keluhan Nabi atas umat yang menelantarkan Qur'an. Pada klimaksnya, surat ini memahat profil emas ""Hamba Ar-Rahman"": sosok tangguh yang membalas makian dengan kedamaian, menjauhi maksiat, moderat secara ekonomi, dan bervisi mendirikan keluarga penyejuk hati."
"26","Asy-Syu'ara'","1168","227","19-19","19-19","absent","1151","77","3","0","0","0","depresi; terapi","","","klaim/analogi kesehatan perlu tinjauan","Surat Ash-Shu'ara' beroperasi sebagai pelukan konseling mental bagi Rasulullah SAW yang sedang mengalami burnout akibat dihantam gelombang penolakan keras kaum Quraisy. Melalui dokumenter sinematik tujuh episode nabi terdahulu (mulai Musa hingga Syu'aib), Allah membentangkan pola repetitif sejarah: bahwa para nabi selalu didustakan oleh kaum dominan yang korup, namun akhir dari kaum arogan itu selalu pemusnahan massal. Surat ini ditutup dengan demarkasi tegas yang mengangkat otentisitas wahyu Ilahi jauh di atas manipulasi kata-kata (hoaks) ilusi para penyair jalanan."
"27","An-Naml","1213","93","19-20","19-20","absent","1300","83","3","0","0","0","antidepresan","sains; good governance","","klaim/analogi kesehatan perlu tinjauan; analogi sains/teknologi perlu tinjauan","Surat An-Naml mementaskan demonstrasi gemilang tentang sinergi mutlak kekuatan teknologi kekuasaan global (Superpower) dan ketundukan spiritual dalam figur agung Nabi Sulaiman AS. Mengandung di dalamnya intrik manuver intelijen burung Hud-hud, kebijaksanaan Ratu Semut, dan diplomasi damai yang berhasil menaklukkan rasionalitas Ratu Kerajaan Saba'. Ditutup dengan serangkaian argumentasi logika alam semesta (Afaqi) yang membongkar kelemahan tuhan palsu pagan, surat ini membuktikan secara telak bahwa puncak dari ilmu pengetahuan tingkat tinggi adalah pengakuan kefakiran di atas sajadah, bukan pada arogansi kesombongan sains atau kemewahan militer."
"28","Al-Qasas","1258","88","20-20","20-20","absent","1363","101","3","0","0","0","vaksin; sindrom; depresi","biologis","","klaim/analogi kesehatan perlu tinjauan; analogi sains/teknologi perlu tinjauan","Surat Al-Qasas mendarat sebagai manifesto pertolongan langit atas kelas pekerja dan kaum papa tertindas yang menubuatkan keruntuhan mesin oligarki kekuasaan militer sombong (rezim diktator Fir'aun) sekaligus meremukkan keangkuhan oligarki kapitalis miliarder ekonomi (sindrom gila harta Qarun). Diwahyukan sebagai selimut pelipur duka bagi Rasulullah SAW saat melalui momen berat pelarian rute evakuasi Hijrahnya meninggalkan Makkah, surat ini menjabarkan narasi penuh keajaiban (masterpiece) mengenai skenario intelijen bayi Musa yang dilindungi dan dibesarkan di kasur musuhnya sendiri. Surat ini diakhiri dengan garansi pelantikan kemenangan mutlak kelak dari Allah untuk memulangkan Nabi ke kampung halamannya (Makkah) guna merebut dominasi dan memimpin peradaban di atas kebenaran."
"29","Al-'Ankabut","1303","69","20-21","20-21","absent","1411","97","3","0","0","1","","sains; biologis; software","yahudi; nasrani","1 calon sisa penanda catatan; analogi sains/teknologi perlu tinjauan; sebutan kelompok agama perlu cek konteks","Surat Al-'Ankabut berfungsi sebagai mesin tungku filter pembakar yang menyeleksi dan mendeteksi kepalsuan karakter manusia. Surat ini mendidik ekspektasi rasional hukum besi agama: bahwa sebuah klaim syahadat peresmian keimanan wajib divalidasi dan diperas melalui mesin penderitaan ujian (Fitnah) penindasan yang sangat berat. Surat ini mendekonstruksi habis arogansi sandaran gila kemewahan kekuasaan materi (God Complex) dengan memukul menelanjanginya lewat perumpamaan saintifik selembar rapuhnya struktur ekosistem jaring Laba-laba. Ditutup komando pamungkas, Allah menjamin pemeliharaan subsidi asuransi rezeki dan navigasi GPS rute hidayah mutlak bagi siapapun hamba yang berani lelah berkeringat merantau berikhtiar (Jihad intelektual-batin) mencari keridaan otoritas langit."
"30","Ar-Rum","1348","60","21-21","21-21","absent","674","49","4","0","0","0","","","nasrani","sebutan kelompok agama perlu cek konteks","Surat Ar-Rum dibuka dengan nubuat bahwa Romawi yang baru dikalahkan Persia akan menang kembali dalam beberapa tahun, sebuah prediksi yang terbukti benar. Surat ini kemudian menghubungkan peristiwa sejarah tersebut dengan tanda-tanda kekuasaan Allah di alam semesta dan kehidupan manusia, ditutup dengan anjuran bersabar menghadapi ejekan orang yang tidak yakin."
"31","Luqman","1393","34","21-21","21-21","absent","749","60","3","0","0","1","","kosmik","","1 calon sisa penanda catatan; analogi sains/teknologi perlu tinjauan","Surat Luqman adalah kurikulum abadi pendidikan moral dan spiritual berbasis keluarga. Melalui sosok Luqman Al-Hakim, surat ini memformulasikan wasiat tauhid, bakti kepada orang tua dengan batas toleransi akidah 6, dan adab sosial yang menolak keangkuhan. Selain itu, surat ini membantah kesyirikan melalui bukti penciptaan alam semesta dan mengunci kesadaran manusia dengan menegaskan lima rahasia gaib absolut yang mematahkan arogansi intelektual."
"32","As-Sajdah","1437","30","21-21","21-21","absent","764","59","3","0","0","1","","biologis; kosmik; astronomi","","1 calon sisa penanda catatan; analogi sains/teknologi perlu tinjauan","Surat As-Sajdah bertindak sebagai palu peremuk kesombongan intelektual manusia. Membedah siklus penciptaan dari tanah hina hingga kematian, surat ini meruntuhkan skeptisisme terhadap kebangkitan melalui argumen kepemilikan data ruh oleh malaikat maut. Puncak surat ini mendemonstrasikan perbandingan kontras antara para pahlawan malam (ahli tahajud) yang merendahkan diri dalam sujud 8, dengan kaum pendosa arogan yang kelak menjerit di depan pengadilan."
"33","Al-Ahzab","1483","73","21-22","21-22","absent","757","65","3","0","0","2","","biologis; kosmik","yahudi; orientalis","2 calon sisa penanda catatan; analogi sains/teknologi perlu tinjauan; sebutan kelompok agama perlu cek konteks","Surat Al-Ahzab merekam turbulensi krisis Madinah saat dikepung koalisi militer raksasa dalam Perang Khandaq, membedah mental kaum munafik vis-à-vis ketabahan mukmin yang meneladani Rasulullah. Surat ini secara revolusioner merombak tatanan sipil jahiliah dengan menghapus hukum adopsi palsu, menetapkan privasi rumah tangga kenabian 10, serta meletakkan syariat hijab pelindung martabat. Ditutup dengan deklarasi beban amanah kosmik, surat ini adalah konstitusi perlindungan institusi keluarga dan tata negara."
"34","Saba'","1528","54","22-22","22-22","absent","713","66","3","0","0","1","","kosmik","","1 calon sisa penanda catatan; analogi sains/teknologi perlu tinjauan","Surat Saba' mendedah anatomi pengelolaan anugerah kekuasaan melalui dua profil bertolak belakang. Melalui pameran teknologi mukjizat syukur Dawud dan Sulaiman, surat ini membuktikan kekayaan bisa menjadi instrumen kesalehan. Sebaliknya, melalui tragedi hancurnya infrastruktur megah bendungan kaum Saba' akibat arogansi, surat ini memperingatkan bahaya mematikan dari kufur nikmat. Disertai dengan dekonstruksi kebangkitan dan berhala 12, surat ini menelanjangi ketidakberdayaan tuhan palsu dan ilusi kekuatan jin di semesta."
"35","Fatir","1573","45","22-22","22-22","absent","682","75","3","0","0","1","genetik","sains","","1 calon sisa penanda catatan; klaim/analogi kesehatan perlu tinjauan; analogi sains/teknologi perlu tinjauan","Surat Fatir menegaskan proklamasi otoritas Allah sebagai Pencipta yang memegang satu-satunya kunci distribusi rahmat. Melalui pembongkaran fakta kerentanan genetik hingga keajaiban geologi pegunungan, surat ini mendeklarasikan status manusia sebagai pengemis mutlak (Fuqara) di hadapan Allah. Dibingkai dengan korelasi antara observasi sains yang melahirkan gelar Ulama (orang yang takut pada Tuhan), surat ini meluluhlantakkan klaim sekutu musyrikin yang tak menguasai kulit ari kurma, dan menegaskan hukum perbandingan bahwa orang buta kesombongan takkan sama dengan pencari petunjuk."
"36","Yasin","1620","83","22-23","22-23","absent","702","62","3","0","0","0","","sains; kosmik; astronomi; forensik","","analogi sains/teknologi perlu tinjauan","Surat Yasin adalah jantung rasionalitas teologi Islam yang merakit tiga pilar utama: validasi risalah, hukum penciptaan kosmik, dan kepastian Hari Kiamat. Diwarnai tragedi dakwah penduduk negeri dan bukti astronomi garis edar tata surya, surat ini mementahkan kesombongan kaum materialis yang meremehkan argumen kebangkitan tulang. Puncaknya ditutup dengan peringatan kengerian kesaksian forensik tangan dan kaki di akhirat, serta keagungan operasi absolut Kun Fayakun."
"37","As-Saffat","1667","182","23-23","23-23","absent","682","59","3","0","0","0","terapi","kosmik","","klaim/analogi kesehatan perlu tinjauan; analogi sains/teknologi perlu tinjauan","Surat As-Saffat adalah simfoni ketundukan kosmik yang membongkar ilusi status ketuhanan malaikat maupun mitologi jin pencuri rahasia langit. Dibuka dengan keamanan astronomis lemparan meteor, surat ini bertransisi menyelami pameran ketaatan mutlak pahlawan sejarah (Nuh, Musa, Ilyas). Klimaksnya menampilkan uji kepatuhan terberat: parenting tauhid Ibrahim dan kerelaan Ismail di bawah pisau penyembelihan, yang menebus kemuliaan idul kurban abadi bagi Islam."
"38","Sad","1712","88","23-23","23-23","absent","663","59","3","0","0","0","genetik","good governance; biologis; kosmik","","klaim/analogi kesehatan perlu tinjauan; analogi sains/teknologi perlu tinjauan","Surat Sad adalah monumen kepemimpinan yang merajut korelasi takhta, cobaan, dan ketundukan. Diawali potret konspirasi politik musyrik Makkah, surat ini mementaskan Good Governance Dawud (keadilan tata negara) dan Sulaiman (aset militer). Melalui kepasrahan Ayyub menghadapi krisis fisik, surat ini mendidik resiliensi taubat (Awwab) yang diametral dipertentangkan dengan akar genetik kesombongan rasisme elemen api Iblis yang menolak sujud pada Adam."
"39","Az-Zumar","1757","75","23-24","23-24","absent","665","62","3","0","0","3","terapi; antidepresan; depresi; medis; vaksin","embriologi; live","","3 calon sisa penanda catatan; klaim/analogi kesehatan perlu tinjauan; analogi sains/teknologi perlu tinjauan","Surat Az-Zumar meletakkan deklarasi pemurnian tauhid secara mutlak. Membedah arsitektur embriologi rahim, psikologi kemunafikan, hingga misteri penahanan ruh saat tidur. Surat ini mencapai klimaks memancarkan ""Ayat Antidepresan"" paling dahsyat (Ayat 53) bagi pendosa masa lalu untuk bangkit bertaubat. Diakhiri dramatis dengan suara kehancuran Sangkakala 21, menayangkan live dua formasi besar rombongan (Zumar) miliaran mayat digiring terpisah menuju siksaan dan karpet merah surga."
"40","Ghafir","1804","85","24-24","24-24","absent","664","62","3","0","0","1","sindrom","kosmik","","1 calon sisa penanda catatan; klaim/analogi kesehatan perlu tinjauan; analogi sains/teknologi perlu tinjauan","Surat Ghafir (Al-Mu'min) adalah panggung sejarah konfrontasi kelas berat rasionalitas melawan kepicikan rezim politik korup. Membongkar notulensi dialog brilian seorang ""Mukmin Rahasia"" dari istana Fir'aun yang mematikan agenda pembunuhan atas Musa. Dibalut asuransi perlindungan doa dari malaikat Hamalatul Arsy serta konstitusi wajibnya manusia berdoa, surat ini mematenkan bahwa rekayasa politik menara kekuasaan akan musnah dihancurkan Tuhan jika menolak bertaubat sebelum azab tiba."
"41","Fussilat","1852","54","24-25","24-25","absent","667","56","2","0","0","1","depresi; memory cell; anti-depresan; terapi","di-hack; sains; pemrograman; anatomi sel; kosmik; forensik; astronomi","orientalis","1 calon sisa penanda catatan; klaim/analogi kesehatan perlu tinjauan; analogi sains/teknologi perlu tinjauan; sebutan kelompok agama perlu cek konteks","Surat Fussilat merupakan dekonstruksi akidah menelanjangi sikap sinis media penentang wahyu. Berisi narasi penciptaan bumi, menyajikan horor eskatologis di mana organ KULIT di-hack bersaksi menjebloskan tuannya. Surat ini menjadi asuransi Anti-Depresan bagi pengemban dakwah istiqamah, berkat garansi terapi malaikat saat maut, ditutup tantangan futuristik pembuktian sains ruang angkasa (Afaqi) dan anatomi sel (Anfusi) di masa depan."
"42","Asy-Syura","1897","53","25-25","25-25","absent","622","52","3","0","0","0","genetik","kosmik","","klaim/analogi kesehatan perlu tinjauan; analogi sains/teknologi perlu tinjauan","Surat Ash-Shura merintis manifestasi integrasi takdir genetik biologi Tuhan (infertilitas janin) dengan tata kelola peradaban politik madani berbasis Musyawarah (Syura). Menancapkan pilar konstitusi tauhid lintas milenium (anti-sektarianisme perpecahan). Dibungkus filsafat permaafan level dewa, surat ini mematenkan batas akal Tanzih absolut: Tidak ada sesuatu atom pun di semesta anatomi identik dengan Dzat Penciptanya."
"43","Az-Zukhruf","1944","89","25-25","25-25","absent","741","70","2","0","0","0","sindrom","","nasrani","klaim/analogi kesehatan perlu tinjauan; sebutan kelompok agama perlu cek konteks","Surat Az-Zukhruf memahat manifesto kritik radikal anti-kapitalisme materialistis membongkar arogansi penganut ilusi harta dan nasab feodal. Menampar oligarki Makkah yang mengukur legitimasi nabi dari dompet triliuner, surat ini mendeklarasikan logam Emas (Zukhruf) di dimensi tata kota Tuhan tak lebih rongsokan atap fana (Ayat 35). Dilengkapi protokol Safety Riding transportasi dan dekonstruksi rasisme anak perempuan, mengancam pelalai zikir implantasi Setan Qarin, dan membuang logika diktator infrastruktur tiran Firaun ke lumpur laut."
"44","Ad-Dukhan","1988","59","25-25","25-25","absent","754","68","3","0","0","1","terapi; radiasi","di-acc; kosmik","","1 calon sisa penanda catatan; klaim/analogi kesehatan perlu tinjauan; analogi sains/teknologi perlu tinjauan","Surat Ad-Dukhan bergetar hantaman visualisasi kengerian meluluhlantakkan kebanggaan manusia atas kontrol alam semesta. Dimulai deklarasi agung malam distribusi takdir (Lailatul Qadar), surat mendaratkan terapi kejut kelaparan asap kebutaan (Dukhan) atas kaum Quraisy, mengekspos kemunafikan mereka lekas murtad setelah ditolong Allah. Dibungkus sinematik kematian sepi tiran Firaun tidak ditangisi langit 27, mengunci keberanian penjahat merinci horor kuliner usus mendidih (Zaqqum) di neraka, menjanjikan sutra keamanan paripurna keabadian pahlawan muttaqin."
"45","Al-Jasiyah","2035","37","25-25","25-25","absent","746","67","3","0","0","0","sindrom; terapi","kosmik; sains; forensik","","klaim/analogi kesehatan perlu tinjauan; analogi sains/teknologi perlu tinjauan","Surat Al-Jathiyah palu pamungkas penutup barisan Hawamim meruntuhkan arogansi ideologi ateisme naturalistik penyembahan hawa nafsu logika intelek liar. Membentangkan rasionalitas ekosistem kosmik laut atmosfir, menegaskan Al-Qur'an sebagai Syariat agung tengah keputusasaan sekte bani Israil masa lalu. Surat mencapai puncak proyeksi kengerian visual (Judgment Day), populasi sejarah keangkuhan tirani ditarik paksa menyeret lutut mereka tanah (Jathiyah), disuguhkan tayangan (playback) copy rekaman amal tanpa bisa melarikan diri keadilan absolut."
"46","Al-Ahqaf","2082","35","26-26","26-26","absent","829","65","3","0","0","3","genetik","embriologi","yahudi","3 calon sisa penanda catatan; klaim/analogi kesehatan perlu tinjauan; analogi sains/teknologi perlu tinjauan; sebutan kelompok agama perlu cek konteks","Surat Al-Ahqaf manifestasi persidangan akhir kebodohan penolak risalah pelipur kelelahan dakwah perbandingan tiga populasi: manusia Makkah, manusia purba 'Ad di Ahqaf (militer sombong disapu badai awan), entitas dimensi Jin (rombongan gaib memeluk tauhid mendengar Quran). Diwarnai resolusi kejiwaan krisis usia 40 tahun dan kurikulum berbakti penderitaan laktasi ibunda, surat ditutup penganugerahan gelar Ulul Azmi 26, memompa nyali baja sang Nabi pantang menyerah meski ditolak manusia."
"47","Muhammad","2128","38","26-26","26-26","absent","809","70","2","0","0","0","hormon","","yahudi","klaim/analogi kesehatan perlu tinjauan; sebutan kelompok agama perlu cek konteks","Surat Muhammad (Al-Qital) berdiri menjulang konstitusi militer doktrin geopolitik negara Madinah menumpas tirani invasi oligarki kafir Makkah. Merintis instrumen sah hukum sandera Prisoners of War (PoW), secara kejam menelanjangi kepengecutan kelompok Internal Munafik saat mobilisasi bela negara. Dinamis perbandingan Gastronomi 4 eksotis sungai minuman mewah surga lawan kuliner siksa neraka, ditutup ultimatum revolusioner: ""Pelit investasi mendanai dakwah pertahanan agama berakibat pencabutan mandat (Reshuffle) kuasa ras peradaban digantikan kaum revolusioner baru."""
"48","Al-Fath","2174","29","26-26","26-26","absent","881","76","3","0","0","4","vaksin","masterclass","","4 calon sisa penanda catatan; klaim/analogi kesehatan perlu tinjauan; analogi sains/teknologi perlu tinjauan","Surat Al-Fath mengukir monumen Masterclass Diplomasi Politik Resolusi Perdamaian Islam peristiwa historis Perjanjian Hudaibiyah. Melakukan anestesi psikologis menuangkan roh Sakinah amarah frustrasi militer sahabat gagal umrah, surat mendeklarasikan paradoks kegagalan perang negosiasi pahit justru Fathan Mubiina (Kemenangan pembuka gerbang total) penetrasi intelijen dakwah. Ditutup pujian legitimasi janji rida VIP 1. pelopor sumpah Bai'atur Ridwan 33, mencetak kurikulum sosiologi karakter umat galak bak singa melawan penindas fasis (Asyidda'), lembut berpelukan mesra menelurkan kasih sayang sesama saudara (Ruhama)."
"49","Al-Hujurat","2218","18","26-26","26-26","absent","949","64","3","0","0","0","","","","","Surat Al-Hujurat adalah konstitusi etika sosial Civil Society peradaban Islam. Menertibkan kedisiplinan keprotokoleran di hadapan privasi pemimpin (Rasul), surat ini merilis undang-undang darurat literasi digital berupa wajibnya Tabayyun (verifikasi) dalam menangkal Hoax intelijen yang memicu perang saudara (Ayat 6). Mencapai klimaks dengan mendekonstruksi habis budaya toksik bullying (mengolok), ghibah (kanibalisme sosial), serta menghancurkan hierarki kasta rasisme menjadi kesetaraan kemanusiaan universal berbasis ketakwaan (Ayat 13)."
"50","Qaf","2264","45","26-26","26-26","absent","571","37","3","0","0","0","","","","","Surat Qaf menegaskan kepastian hari kebangkitan melalui renungan atas penciptaan alam semesta, kisah umat terdahulu yang mendustakan rasul, serta penjelasan tentang pencatatan amal oleh malaikat. Surat ini ditutup dengan gambaran nikmat surga dan anjuran bersabar serta bertasbih."
"51","Az-Zariyat","2307","60","26-27","26-27","absent","1036","53","3","0","0","0","terapi","kosmik","","klaim/analogi kesehatan perlu tinjauan; analogi sains/teknologi perlu tinjauan","Surat Adz-Dzariyat adalah pilar penegasan akidah yang menggunakan sumpah-sumpah kosmik untuk meyakinkan manusia akan kepastian Hari Kiamat. Surat ini menelusuri sejarah kehancuran umat pendusta untuk membuktikan kebenaran janji Allah, lalu dipungkasi dengan deklrasi fundamental bahwa seluruh jin dan manusia diciptakan murni hanya untuk mengabdi kepada Allah, Sang Pemberi Rezeki yang tak pernah lelah."
"52","At-Tur","2355","49","27-27","27-27","absent","1088","67","4","0","0","1","","sains","","1 calon sisa penanda catatan; analogi sains/teknologi perlu tinjauan","Surat At-Tur merupakan manifestasi pembelaan intelektual terhadap kebenaran risalah kenabian dan kepastian eskatologis. Melalui rentetan sumpah dengan simbol agung seperti Bukit Thur, surat ini membombardir logika kemusyrikan dan ateisme Makkah dengan belasan pertanyaan retoris yang mematikan nalar. Puncaknya, surat ini menyuguhkan ketenangan bagi kaum mukmin dengan garansi reuni agung keluarga di surga, serta memberikan instruksi khusus kepada Nabi untuk bersabar menghadapi fitnah di bawah lindungan ibadah tasbih."
"53","An-Najm","2404","62","27-27","27-27","absent","1171","56","3","0","0","1","","kosmik","orientalis","1 calon sisa penanda catatan; analogi sains/teknologi perlu tinjauan; sebutan kelompok agama perlu cek konteks","Surat An-Najm berdiri tegak sebagai sertifikat otoritas kemurnian wahyu yang diturunkan melalui perantara Jibril. Mematahkan tuduhan sesat dan membongkar kepalsuan tuhan-tuhan berhala Arab, surat ini memastikan keagungan pengalaman Mi'raj Rasulullah melampaui batasan fisik manusia. Konstitusi di dalamnya menegaskan penolakan keras terhadap pewarisan dosa turunan masa lalu, menancapkan prinsip kemandirian ikhtiar amal setiap individu di alam semesta."
"54","Al-Qamar","2451","55","27-27","27-27","absent","1227","74","3","0","0","0","","kosmik; sains","","analogi sains/teknologi perlu tinjauan","Surat Al-Qamar diluncurkan ke ruang dengar dengan dentuman mukjizat agung terbelahnya bulan yang ditolak secara buta oleh kaum pagan Makkah. Surat ini merespons penolakan congkak tersebut dengan menginvestigasi ulang rekaman sejarah maut dari kaum Nabi Nuh, 'Ad, Tsamud, Luth, dan Fir'aun yang dihanguskan peradabannya. Dengan repetisi berulang yang terus mempertanyakan audiens ""Adakah yang mau mengambil pelajaran?"", surat ini memastikan bahwa petunjuk Al-Qur'an telah difasilitasi sangat mudah bagi siapa pun yang sudi menanggalkan kesombongan intelektualnya."
"55","Ar-Rahman","2497","78","27-27","27-27","absent","1473","78","3","0","0","0","","kosmik; astronomi; sains","","analogi sains/teknologi perlu tinjauan","Surat Ar-Rahman adalah perwujudan ""Pengantin Al-Qur'an"" yang memamerkan dengan megah kemutlakan keluasan kasih sayang serta membeberkan katalog fasilitas arsitektur kosmos yang Tuhan sediakan secara cuma-cuma tanpa menuntut pamrih. Dengan menyasar target interogasi kepada dual-spesies berakal (manusia dan entitas jin) melalui instrumen repetisi 31 pertanyaan tantangan legendaris, surat ini mendobrak tembok keangkuhan makhluk untuk tidak lagi congkak mendustakan aliran kenikmatan alam sekitar; lalu di palung akhir, menyuguhkan hierarki megah taman-taman surga berlapis sebagai bayaran mahkota ketaatan abadi yang dijanjikan."
"56","Al-Waqi'ah","2544","96","27-27","27-27","absent","685","48","4","0","0","0","","","","","Surat Al-Waqi'ah menegaskan kepastian hari kiamat dan membagi manusia menjadi tiga golongan: As-Sabiqun, Ashabul Yamin, dan Ashabul Syimal, lengkap dengan gambaran balasan masing-masing. Surat ini memperkuat argumen kebangkitan lewat pengamatan atas penciptaan, pertumbuhan tanaman, air hujan, dan api, serta ditutup dengan penegasan kemuliaan Al-Qur'an dan gambaran sakratul maut."
"57","Al-Hadid","2591","29","27-27","27-27","absent","715","47","3","0","0","0","","kosmik","","analogi sains/teknologi perlu tinjauan","Surat Al-Hadid membuka dengan penyucian Allah oleh seluruh alam semesta, dilanjutkan ajakan kuat untuk beriman dan berinfak sebagai pinjaman kepada Allah yang akan dibalas berlipat ganda. Surat ini juga menegur hati yang mulai mengeras dan lalai, serta ditutup dengan penegasan bahwa risalah para rasul bertujuan menegakkan keadilan."
"58","Al-Mujadilah","2637","22","28-28","28-28","absent","671","34","3","0","0","0","","","","","Surat Al-Mujadilah dibuka dengan pengaduan Khaulah binti Tsa'labah dan penetapan hukum zihar, dilanjutkan adab majelis dan larangan bisik-bisik yang menimbulkan fitnah, dan ditutup dengan penegasan batasan loyalitas seorang mukmin terhadap musuh Allah dan Rasul-Nya."
"59","Al-Hasyr","2684","24","28-28","28-28","absent","1251","62","3","0","0","2","","","yahudi","2 calon sisa penanda catatan; sebutan kelompok agama perlu cek konteks","Surat Al-Hashr mendokumentasikan kejatuhan dramatis kaum Yahudi Bani Nadhir yang mengkhianati Piagam Madinah, memberikan bukti nyata bahwa kekuatan arsitektur pertahanan fisik tidak berdaya menahan ketetapan Allah. Di samping merekam sejarah, surat ini meletakkan fondasi ekonomi negara melalui syariat pembagian harta fai yang melarang monopoli elite, mendidik luhurnya persaudaraan kaum Anshar, dan dikunci dengan instruksi muhasabah serta penjabaran Asmaul Husna yang menggetarkan batin."
"60","Al-Mumtahanah","2731","13","28-28","28-28","absent","1345","56","3","0","0","0","","","yahudi","sebutan kelompok agama perlu cek konteks","Surat Al-Mumtahanah merumuskan batasan konstitusional tentang loyalitas diplomatik dan sterilisasi keamanan internal negara dari bahaya spionase berkedok nepotisme keluarga. Melalui evaluasi atas bocornya informasi militer dan proses screening suaka bagi wanita beriman, surat ini menyelaraskan ketegasan pemutusan akidah terhadap kelompok agresor dengan kewajiban menjunjung tinggi keadilan, toleransi, dan sikap manusiawi terhadap kelompok non-Muslim yang hidup berdamai."
"61","As-Saff","2779","14","28-28","28-28","absent","996","50","3","0","0","0","","kosmik","","analogi sains/teknologi perlu tinjauan","Surat As-Saff adalah teguran Ilahi atas hipokrisi ucapan tanpa tindakan, yang mendidik umat Islam untuk membentuk barisan perjuangan yang kokoh. Menelusuri kesinambungan sejarah Nabi Musa dan Isa, surat ini memuncak pada tawaran perniagaan akhirat yang menjanjikan keselamatan abadi melalui perjuangan harta dan jiwa, serta seruan untuk menjadi penolong agama Allah."
"62","Al-Jumu'ah","2826","11","28-28","28-28","absent","1054","58","3","0","0","0","","","yahudi","sebutan kelompok agama perlu cek konteks","Surat Al-Jumu'ah menguraikan fungsi risalah Nabi untuk mensucikan jiwa dan membedah mental hipokrisi ahli kitab masa lampau yang berilmu namun tak beramal (diibaratkan keledai pembawa buku). Puncaknya, surat ini menegaskan konstitusi shalat Jumat sebagai momen penyucian mingguan, yang mewajibkan umat menunda segala aktivitas perniagaan demi memenuhi panggilan Allah, untuk kemudian dianjurkan kembali bekerja mengais rezeki setelah ibadah tuntas."
"63","Al-Munafiqun","2870","11","28-28","28-28","absent","1014","60","3","0","0","0","vaksin; terapi; imunisasi","forensik","yahudi","klaim/analogi kesehatan perlu tinjauan; analogi sains/teknologi perlu tinjauan; sebutan kelompok agama perlu cek konteks","Surat Al-Munafiqun hadir menelanjangi kepalsuan dan makar subversif musuh dalam selimut di Madinah. Membantah provokasi boikot ekonomi dan kesombongan chauvinis Abdullah bin Ubay, surat ini menegaskan bahwa kemuliaan sejati (izzah) murni milik Allah dan kaum beriman. Pada penutupnya, surat ini memperingatkan umat Islam agar tidak terjangkit virus cinta duniawi, menuntut mereka untuk segera berinfak sebelum sakaratul maut merampas kesempatan amal."
"64","At-Taghabun","2913","18","28-28","28-28","absent","1060","60","3","0","0","0","depresi","kosmik; biologis","","klaim/analogi kesehatan perlu tinjauan; analogi sains/teknologi perlu tinjauan","Surat At-Taghabun menyingkap realitas kehidupan bumi sebagai ujian yang kelak diputarbalikkan di Hari Kiamat (Hari Kerugian). Menenangkan jiwa umat dengan doktrin bahwa musibah takkan terjadi tanpa izin Tuhan, surat ini juga membunyikan alarm kewaspadaan bahwa cinta duniawi terhadap pasangan dan anak dapat menjelma menjadi musuh iman. Surat dipungkasi oleh perintah merawat takwa sesuai daya upaya, memaafkan keluarga, dan gemar berinfak."
"65","At-Talaq","2960","12","28-28","28-28","absent","1077","63","3","0","0","0","","kosmik","","analogi sains/teknologi perlu tinjauan","Dikenal sebagai ""Surat An-Nisa versi Kecil"", At-Talaq membongkar tradisi jahiliah dengan menetapkan tata cara dan kode etik perceraian yang beradab. Melindungi kaum perempuan dari pengusiran dan menjamin nafkah iddah serta penyusuan bayi, surat ini menaburkan janji menakjubkan: siapa pun yang berpisah dengan menaati koridor takwa, Allah pasti membelah krisisnya dengan jalan keluar serta menyuntikkan rezeki dari gerbang gaib yang tak pernah dikalkulasi manusia."
"66","At-Tahrim","3007","12","28-28","28-28","absent","1099","70","3","0","0","2","","biologis","","2 calon sisa penanda catatan; analogi sains/teknologi perlu tinjauan","Surat At-Tahrim mengusung koreksi Ilahi atas sumpah emosional Nabi yang mengharamkan hal halal demi meredam cemburu istri. Melarang keras manipulasi syariat untuk harmoni domestik, surat ini menjatuhkan beban berat pada pundak kepala keluarga agar melindungi anggota rumahnya dari lidah api neraka. Konklusi surat ini menghancurkan mitos tiket nasab keluarga; membuktikan bahwa istri pendurhaka dari nabi pun akan hangus di neraka, sementara istri beriman dari seorang tiran akan terbang menuju surga."
"67","Al-Mulk","3055","30","29-29","29-29","absent","1063","57","3","0","0","0","","kosmik; sains","","analogi sains/teknologi perlu tinjauan","Surat Al-Mulk berdiri sebagai manifestasi deklarasi kekuasaan kosmik Tuhan yang menantang nalar manusia untuk merenungi presisi arsitektur langit, aerodinamika burung, dan rahasia penciptaan hidup/mati sebagai arena kompetisi amal. Membongkar penyesalan kelumpuhan akal dari jeritan penghuni neraka, surat ini menutup kecongkakan musyrik dengan membuktikan kerentanan hidup mereka yang bergantung mutlak pada pasokan mata air murni di bumi."
"68","Al-Qalam","3105","52","29-29","29-29","absent","1073","59","3","0","0","2","depresi","kosmik","","2 calon sisa penanda catatan; klaim/analogi kesehatan perlu tinjauan; analogi sains/teknologi perlu tinjauan","Surat Al-Qalam (Nun) diterjunkan sebagai pembelaan absolut atas reputasi akal dan moral mulia Rasulullah yang dicap majnun oleh pembesar musyrik. Menabrak keangkuhan musuh dengan mendaftar borok psikologis mereka, surat ini menggetarkan kapitalis kikir lewat epos kehancuran aset Ashabul Jannah. Surat ini dipuncaki dengan suntikan daya tahan kesabaran bagi Nabi, agar tak kabur terseret emosi keputusasaan laksana insiden tertelannya Yunus."
"69","Al-Haqqah","3155","52","29-29","29-29","absent","1080","61","3","0","0","0","medis","kosmik","","klaim/analogi kesehatan perlu tinjauan; analogi sains/teknologi perlu tinjauan","Surat Al-Haqqah mendentumkan palu godam realitas Kiamat dengan mengekspos kehancuran brutal kaum terdahulu akibat pengingkaran wahyu. Memaparkan prosedur penyerahan transparan buku amal antara barisan kemenangan sayap kanan di surga dan kehancuran sayap kiri di belenggu neraka. Surat ini ditutup epik dengan sumpah kosmik absolut bahwa Al-Qur'an adalah wahyu otentik Tuhan, mematahkan tuduhan kerdil bahwa ia hanyalah puisi penyair atau mantera cenayang."
"70","Al-Ma'arij","3204","44","29-29","29-29","absent","1110","59","3","0","0","3","terapi; depresi","biologis; kosmik; sains; astronomi","","3 calon sisa penanda catatan; klaim/analogi kesehatan perlu tinjauan; analogi sains/teknologi perlu tinjauan","Merespons ejekan musyrik yang menantang turunnnya azab, Al-Ma'arij mendeklarasikan relativitas dimensi waktu kosmik tempat naiknya para malaikat. Surat ini membongkar kengerian sifat egoisme Kiamat, membedah tabiat dasar psikologi manusia yang gampang panik dan rakus, untuk kemudian ditutup apik dengan rumusan 8 pilar karakter penyembuhan yang harus dianut (diapit oleh kedisiplinan shalat dan sedekah) guna mencetak entitas manusia ahli surga."
"71","Nuh","3253","28","29-29","29-29","absent","1266","58","3","0","0","0","","sains; kosmik","","analogi sains/teknologi perlu tinjauan","Surat Nuh merekam epik kesabaran luar biasa dari seorang rasul dalam menghadapi kebebalan intelektual kaumnya selama berabad-abad. Menghadirkan argumentasi tauhid melalui penciptaan semesta alam, surat ini mempromosikan anugerah istighfar sebagai kunci pembuka rezeki langit. Surat ini kemudian ditutup dengan keputusan final turunnya azab banjir bandang bagi penganut kapitalisme musyrik dan doa perlindungan lintas waktu bagi orang-orang yang beriman."
"72","Al-Jinn","3300","28","29-29","29-29","absent","1507","77","4","0","0","2","","kosmik; astronomi","","2 calon sisa penanda catatan; analogi sains/teknologi perlu tinjauan","Surat Al-Jinn tampil merevolusi tatanan dogma jahiliah dengan membongkar dominasi mitologi perdukunan kuno melalui dokumentasi kesaksian jujur sekumpulan jin yang takjub mendengarkan Al-Qur'an. Menyatakan secara transparan bahwa akses pencurian rahasia langit oleh entitas gaib telah diblokir sepenuhnya dengan pertahanan meteor, surat ini mengoreksi mental manusia agar segera berhenti memuja makhluk yang tak kasat mata, menetapkan keagungan fungsi tauhid di dalam masjid, serta mengunci otoritas kepemilikan mutlak atas ilmu pengetahuan gaib masa depan hanya di tangan Tuhan semata."
"73","Al-Muzzammil","3350","20","29-29","29-29","absent","1554","85","4","0","0","0","medis; genetik","frekuensi; biologis; kosmik","","klaim/analogi kesehatan perlu tinjauan; analogi sains/teknologi perlu tinjauan","Menyibak ketakutan guncangan kenabian awal, Surat Al-Muzzammil memandu Nabi Muhammad SAW untuk merangkul keheningan malam lewat berdirinya madrasah ibadah shalat dan lafaz tartil makhraj Al-Qur'an sebagai sarana injeksi kekuatan kejiwaan memikul konstitusi wahyu. Memaparkan ancaman kejatuhan bagi para pengolok-olok jalan lurus layaknya hancurnya kerajaan militer Fir'aun, surat ini kemudian memungkasi dengan jaminan kelembutan relaksasi keringanan tenggat waktu tahajud di ayat akhirnya; mengukir kurikulum emas bagi mental penganutnya agar tangguh mensinergikan kekuatan ibadah privat gelap malam untuk membalikkan derasnya serangan caci maki publik di keramaian siang."
"74","Al-Muddassir","3399","56","29-29","29-29","absent","1428","73","4","0","0","0","depresi; sindrom; klinis","kosmik","","klaim/analogi kesehatan perlu tinjauan; analogi sains/teknologi perlu tinjauan","Surat Al-Muddaththir menandai diresmikannya tonggak proklamasi dakwah publik Nabi Muhammad SAW, dengan menginstruksikan beliau untuk melepaskan selimut ketakutan personalnya dan bangkit memelopori peringatan tauhid. Menyajikan bedah psikologis yang luar biasa presisi mengenai kesombongan kognitif pemuka musyrikin yang membantah Al-Qur'an demi gengsi sosial, surat ini mengancam keras gerombolan penentang dengan siksa neraka Saqar, seraya mematok bahwa keberlangsungan ritus salat dan operasi kepedulian logistik pangan bagi kaum miskin adalah jangkar penentu keselamatan di hari kiamat."
"75","Al-Qiyamah","3445","40","29-29","29-29","absent","1509","77","3","0","0","0","medis","sains; forensik","","klaim/analogi kesehatan perlu tinjauan; analogi sains/teknologi perlu tinjauan","Surat Al-Qiyamah memantapkan deklarasi kepastian bahwa pengumpulan anatomi remukan tubuh di mahkamah hari peradilan kebangkitan adalah niscaya. Diselingi kurikulum adab penyerapan hafalan wahyu yang mengharuskan Nabi menahan gempuran laju gerak lisannya, surat ini secara presisi menelanjangi kelemahan gila hasrat manusia pada kesenangan instan yang menipu. Al-Qiyamah menjabarkan horor hilangnya nyawa di ujung kerongkongan, dikunci secara telak melalui penayangan kilas balik penciptaan air reproduksi yang melegitimasi bahwa Sang Pencipta awal tidak akan kesulitan merakit ulang puing kematian ciptaannya."
"76","Al-Insan","3491","31","29-29","29-29","absent","661","54","4","0","0","0","","","","","Surat Al-Insan menggambarkan asal mula penciptaan manusia dan kebebasannya memilih jalan syukur atau kufur, menjelaskan ciri Al-Abrar yang memberi makan orang miskin, anak yatim, dan tawanan dengan ikhlas, serta balasan agung yang menanti mereka di surga. Surat ini ditutup dengan anjuran sabar dan zikir, serta penegasan bahwa kehendak manusia tetap berada dalam kehendak Allah."
"77","Al-Mursalat","3541","50","29-29","29-29","absent","1043","41","3","0","0","0","medis; penyakit fisik","sains; embriologi","","klaim/analogi kesehatan perlu tinjauan; analogi sains/teknologi perlu tinjauan","Surah Al-Mursalat menegaskan kepastian eskatologis datangnya Hari Keputusan melalui rentetan sumpah kosmis yang dahsyat. Mengontraskan kehancuran alam dengan bukti penciptaan manusia dan pembinasaan generasi terdahulu, surat ini memberikan peringatan berulang sepuluh kali bagi para pendusta serta mengecam kaum yang menolak ruku'."
"78","An-Naba'","3590","40","30-30","30-30","absent","991","46","3","0","0","0","","sains; astronomi","","analogi sains/teknologi perlu tinjauan","Surah An-Naba' membantah perdebatan sinis kaum Quraisy mengenai kiamat dengan memaparkan bukti-bukti keteraturan ekosistem bumi dan langit. Surat ini menggambarkan transisi kosmis Hari Keputusan, rincian siksaan Jahanam berupa air mendidih dan nanah, serta kenikmatan surga, ditutup dengan penyesalan mendalam kaum kafir yang ingin kembali menjadi debu."
"79","An-Nazi'at","3641","46","30-30","30-30","absent","1070","24","3","0","0","0","medis","biologis; astronomi","","klaim/analogi kesehatan perlu tinjauan; analogi sains/teknologi perlu tinjauan","Surah An-Nazi'at menguraikan proses kematian, keguncangan kiamat, serta kejatuhan Fir'aun guna menegaskan bahwa keselamatan akhirat diraih dengan takut kepada Allah dan menahan hawa nafsu."
"80","'Abasa","3694","42","30-30","30-30","absent","1224","55","4","0","0","0","","","","","Surat 'Abasa adalah manifestasi adab dan kesetaraan dalam Islam, di mana Allah secara halus menegur Rasulullah SAW karena mengabaikan seorang tunanetra pencari kebenaran demi mendakwahi elite Makkah. Menghancurkan kebanggaan kelas sosial, surat ini mengupas kehinaan penciptaan manusia, rantai makanan dari langit, serta memproyeksikan kepanikan Hari Kiamat di mana status sosial dan ikatan nasab terputus total."
"81","At-Takwir","3742","29","30-30","30-30","absent","1147","59","4","0","0","0","","kosmik; sains","","analogi sains/teknologi perlu tinjauan","Surat At-Takwir menyajikan sinematografi eskatologis mengenai keruntuhan tatanan kosmik yang berujung pada hari hisab, di mana keadilan mutlak ditegakkan termasuk bagi korban kezaliman yang paling tak berdaya. Surat ini kemudian secara kuat membantah tuduhan miring terhadap kewarasan Nabi Muhammad SAW, memvalidasi kedudukan agung malaikat Jibril sebagai kurir, dan menegaskan bahwa Al-Qur'an adalah petunjuk universal di bawah naungan kehendak Allah."
"82","Al-Infitar","3789","19","30-30","30-30","absent","1112","75","4","0","0","0","medis","kosmik; sains; biologis","","klaim/analogi kesehatan perlu tinjauan; analogi sains/teknologi perlu tinjauan","Surat Al-Infitar mendobrak arogansi kemanusiaan dengan membentangkan narasi kehancuran alam semesta, yang kemudian digunakan untuk menggugat rasa aman manusia yang sering tertipu oleh kemurahan Tuhan. Melalui penegasan akan kehadiran malaikat pencatat amal (Kiraman Katibin), surat ini mematenkan bahwa tak ada satupun niat atau perbuatan yang luput dari arsip Ilahi. Sistem audit gaib ini kelak akan menempatkan manusia ke dalam surga abadi bagi yang berbakti, atau neraka bagi pendurhaka tanpa ada satupun pelindung yang bisa mengintervensi."
"83","Al-Mutaffifin","3835","36","30-30","30-30","absent","1287","79","4","0","0","0","","","","","Surat Al-Mutaffifin mendeklarasikan ancaman azab absolut bagi kaum oportunis yang gemar mengurangi hak orang lain demi menumpuk profit pribadi. Kejahatan kerah putih mikro ini diidentifikasi bukan sekadar akibat kelemahan etika sosial, melainkan kegagalan iman pada pengadilan hari kiamat yang pada akhirnya menyebabkan hati berkarat hitam oleh dosa. Surat ini membandingkan arsip dosa Sijjin dengan arsip kemuliaan 'Illiyyin, menjanjikan pembalikan keadaan yang adil di mana orang jujur yang diolok di bumi akan meraih kemenangan dan menertawakan para penindas di akhirat."
"84","Al-Insyiqaq","3885","25","30-30","30-30","absent","1099","66","3","0","0","0","","kosmik; biologis","","analogi sains/teknologi perlu tinjauan","Surat Al-Inshiqaq menghadirkan paradoks tajam antara langit yang patuh terkoyak tunduk pada perintah Tuhannya dengan sifat manusia yang sering membangkang dan menolak sujud pada kebenaran. Menegaskan hakikat kehidupan dunia sebagai arena kelelahan eksistensial tanpa henti, surat ini memperingatkan manusia akan dua muara perjumpaan akhir: menerima catatan amal dari kanan untuk merayakan kebahagiaan abadi, atau dipelintir tangannya untuk menerima dari belakang punggung untuk menderita di dalam neraka."
"85","Al-Buruj","3931","22","30-30","30-30","absent","1205","77","3","0","0","1","","","nasrani","1 calon sisa penanda catatan; sebutan kelompok agama perlu cek konteks","Surat Al-Buruj adalah deklarasi monumental mengenai ketahanan akidah di bawah gempuran tirani kekuasaan. Mengabadikan potret kelam pembantaian massal orang beriman di dalam parit api (Ashabul Ukhdud), surat ini memutarbalikkan standar kekalahan di mata manusia dengan menobatkan keistikamahan para syuhada sebagai Kesuksesan Terbesar (Fauzul Kabir). Di sisi lain, Allah secara tegas mengancam para rezim penindas dengan cengkeraman siksa yang luar biasa keras, sembari mematenkan kedigdayaan Al-Qur'an yang selamanya tak bisa dihancurkan karena ia senantiasa terjaga di Lauh Mahfuzh."
"86","At-Tariq","3977","17","30-30","30-30","absent","1132","76","3","0","0","0","","kosmik; sains; embriologi","","analogi sains/teknologi perlu tinjauan","Melibatkan sumpah penjagaan malaikat dan bintang penembus malam, Surat At-Tariq memaparkan rasionalitas kebangkitan fisik melalui observasi asal penciptaan manusia dari air kehidupan yang memancar hina. Surat ini menebarkan peringatan mengerikan tentang hari di mana seluruh brankas niat tersembunyi manusia ditelanjangi (Tublas-sara'ir) tanpa ada satu pelindung hukum pun. Diakhiri dengan penegasan bahwa konstitusi Al-Qur'an adalah garis pemisah kebenaran, surat ini menasihati Nabi agar sabar memberi penangguhan terhadap manuver konspirasi licik elit Makkah karena Allah pasti membalas mereka."
"87","Al-A'la","4023","19","30-30","30-30","absent","1118","60","3","0","0","0","genetik","biologis","","klaim/analogi kesehatan perlu tinjauan; analogi sains/teknologi perlu tinjauan","Surat Al-A'la mengumandangkan pujian transendental pemurnian zat Allah Sang Penguasa kalibrasi penciptaan tata surya sempurna, sekaligus menenangkan kecemasan Nabi dengan garansi pemeliharaan hafalan wahyu Al-Qur'an di dadanya secara gaib. Surat ini membongkar keras patologi arogansi manusia memuja fatamorgana kehidupan kemewahan material duniawi yang menyesatkan, seraya menawarkan obat penyucian rohani peninggalan syariat tauhid nabi masa lampau demi menembus kemenangan keabadian akhirat."
"88","Al-Gasyiyah","4070","26","30-30","30-30","absent","1296","85","4","0","0","1","depresi","kosmik; sains","","1 calon sisa penanda catatan; klaim/analogi kesehatan perlu tinjauan; analogi sains/teknologi perlu tinjauan","Mengeksploitasi horor dan membius keindahan secara bersamaan, Surat Al-Ghashiyah mendeklarasikan kepastian pembalasan hari kiamat lewat teater perbandingan visual kontras melasnya raut terbakar wajah kepayahan ahli neraka berhadapan dengan kemegahan wibawa senyum ahli surga. Guna meredam kepongahan keraguan kaum rasionalis musyrikin yang menyangkal kebangkitan, surat ini menantang nalar intelektual dengan provokasi observasi tadabbur kebesaran penciptaan biologi fauna unta, langit, gunung, dan bumi. Terakhir, surat ini dipungkasi oleh batasan instruksi bahwa sang utusan da'i hanyalah corong penyampai peringatan, bukan diktator penentu paksaan akidah di relung hati pengingkarnya."
"89","Al-Fajr","4117","30","30-30","30-30","absent","1579","115","4","0","0","0","terapi","","","klaim/analogi kesehatan perlu tinjauan","Meruntuhkan takhayul dogma materialisme kemanusiaan, Surat Al-Fajr membuka kelopak nalar akal dengan lima sakral sumpah kemegahan harmoni waktu termasuk fajar dan sepuluh hari mulia. Membentangkan saksi bisu sejarah akan musnahnya peradaban arsitektur beton militer raksasa Iram, Tsamud, dan diktator Fir'aun kuno, ia menohok tajam kesalahan logika paradigma manusia yang menilai tolok ukur kemuliaan murni dari melimpahnya harta sementara mereka memboikot menyuapkan makanan piring kepada perut miskin fakir dan menzalimi hak anak yatim dengan korupsi harta warisan rakus. Di ujung visualisasi guncangan horor penyesalan neraka kiamat yang dipaparkan, surat ini memanggil menawarkan mahkota kedamaian mutlak bagi satu-satunya golongan pemenang, yakni sang jiwa yang tenteram rida merdeka (Nafs Mutma'innah) dalam balutan dekapan rahmat rumah surgawi Allah semata."
"90","Al-Balad","4162","20","30-30","30-30","absent","655","50","4","0","0","0","","","","","Surat Al-Balad menegaskan bahwa hidup manusia pasti diwarnai perjuangan, dan menantang kesombongan orang yang bangga memamerkan hartanya. Kemuliaan sejati terletak pada kesediaan menempuh jalan mendaki, yaitu membebaskan budak serta memberi makan anak yatim dan orang miskin di masa sulit, disertai keimanan dan sikap saling menasihati untuk sabar dan berkasih sayang."
"91","Asy-Syams","4209","15","30-30","30-30","absent","1133","70","3","0","0","1","terapi","kosmik","","1 calon sisa penanda catatan; klaim/analogi kesehatan perlu tinjauan; analogi sains/teknologi perlu tinjauan","Surat Ash-Shams diawali dengan sebelas sumpah kosmik yang megah untuk mengantarkan pesan paling esensial mengenai psikologi manusia: bahwa keberhasilan sejati hanya milik mereka yang menyucikan jiwanya dengan ketaatan, sementara kehancuran abadi menanti mereka yang mengotorinya dengan dosa. Kaum Tsamud ditampilkan sebagai bukti otentik sejarah bagaimana kebusukan moral yang dibiarkan akan bermuara pada kesombongan sosial, pemberontakan terhadap utusan Tuhan, dan pada akhirnya mendatangkan hukuman perataan bumi yang membinasakan seluruh peradaban mereka."
"92","Al-Lail","4254","21","30-30","30-30","absent","1155","77","3","0","0","2","","","","2 calon sisa penanda catatan","Berangkat dari fenomena perbedaan malam dan siang yang disumpahkan, Surat Al-Layl membelah orientasi hidup manusia ke dalam dua jalur yang saling bertolak belakang. Jalur pertama adalah orang yang bertakwa dan dermawan yang akan dianugerahi kemudahan hidup serta jaminan kepuasan abadi di sisi Allah. Sementara jalur kedua adalah orang yang kikir dan merasa angkuh mandiri dari bimbingan Tuhan, yang akan terseret dalam kesulitan panjang dan mendapati hartanya sama sekali tak berguna saat ia dilempar ke dalam siksa neraka."
"93","Ad-Duha","4299","11","30-30","30-30","absent","1250","83","3","0","0","0","depresi; terapi; klinis","","","klaim/analogi kesehatan perlu tinjauan","Surat Ad-Duha merupakan monolog penghiburan ilahi yang turun menyelimuti hati Nabi Muhammad untuk menyapu kesedihan beliau akibat terjedanya wahyu dan cemoohan keji musyrikin. Dengan mengingatkan kembali rentetan perlindungan Allah di masa lalu—saat Nabi berstatus yatim, kekurangan, dan tidak mengetahui rincian syariat—surat ini menanamkan optimisme yang tak tergoyahkan bahwa masa depan akan jauh lebih cemerlang. Sebagai wujud syukur atas pengangkatan derajat ini, Allah menetapkan etika sosial universal untuk senantiasa menyayangi anak yatim, bersikap lembut pada peminta, dan mengikrarkan nikmat Tuhan dalam keseharian."
"94","Al-Insyirah","4346","8","30-30","30-30","absent","1152","76","3","0","0","2","terapi; depresi","software; hardware","","2 calon sisa penanda catatan; klaim/analogi kesehatan perlu tinjauan; analogi sains/teknologi perlu tinjauan","Surat Ash-Sharh adalah manifestasi terapi ilahiah yang menegaskan tiga karunia mental bagi Nabi Muhammad: dilapangkannya dada untuk menampung kerasnya ujian, dicabutnya beban derita masa lalu yang menghimpit punggung, serta diangkatnya reputasi kenabian ke tingkat tertinggi. Berlandaskan karunia tersebut, Allah meletakkan hukum universal kehidupan bahwa setiap kesulitan niscaya disandingkan bersama kemudahan yang berlipat. Surat ini ditutup dengan kurikulum produktivitas spiritual, mengarahkan mukmin untuk segera beralih ketaatan ketika satu pekerjaan selesai dan memusatkan totalitas asanya hanya pada Tuhan."
"95","At-Tin","4391","8","30-30","30-30","absent","1107","76","3","0","0","1","","biologis; sains","","1 calon sisa penanda catatan; analogi sains/teknologi perlu tinjauan","Berdiri tegak di atas sumpah kesucian tiga wilayah kenabian raksasa masa lampau, Surat At-Tin mendeklarasikan bahwa manusia diinstal dengan desain penciptaan biologis serta kapasitas kecerdasan akal yang paling tinggi dan estetis (Ahsani Taqwim). Namun, surat ini memberi peringatan tajam bahwa segala kemuliaan bawaan tersebut akan merosot jauh dihempaskan ke dasar kehinaan neraka (Asfala Safilin) apabila manusia melepaskan rompi keimanannya dan absen dari amal kebajikan, yang merupakan sebuah kepastian hukum dari ketetapan Hakim Semesta Yang Paling Adil."
"96","Al-'Alaq","4436","19","30-30","30-30","absent","1355","85","3","0","0","0","sindrom; medis","biologis; sains; embriologi","","klaim/analogi kesehatan perlu tinjauan; analogi sains/teknologi perlu tinjauan","Merupakan monumen agung pembuka keran syariat peradaban wahyu semesta, Surat Al-'Alaq mengawali dekrit kerasulannya dengan komando penyebaran literasi pengetahuan intelektual yang dipaku kuat dalam ikatan naungan asma Tuhan pencipta asal gumpalan darah hina raga manusia. Surat ini membedah akar penyakit keangkuhan diktator manusia (sindrom Istighna), dan menyajikan visualisasi insiden riil benturan fisik dakwah dari politisi penindas yang dibalas telak oleh ancaman aparat penyiksaan seretan Zabaniyah Tuhan. Di akhir klimaksnya, Allah memerintahkan senjata pamungkas penangkal tekanan sosial di dunia: yakni bersimpuh sujud menyatu merapat pada-Nya."
"97","Al-Qadr","4482","5","30-30","30-30","absent","1324","81","3","0","0","0","","kosmik; biologis","","analogi sains/teknologi perlu tinjauan","Menjadi monumen agung pewahyuan awal pedoman kitab suci manusia, Surat Al-Qadr mendeklarasikan eksistensi kebesaran momentum malam penetapan Lailatul Qadr. Mendobrak keterbatasan pendeknya rata-rata umur biologis beramal ibadah umat akhir zaman, surat ini menjanjikan anugerah karunia revolusioner di mana ganjaran pahala ketaatan satu malam tersebut dilipatgandakan bobotnya melebihi nilai rutinitas utuh seribu bulan ibadah. Dilengkapi dengan lukisan pergerakan eskatologis rombongan padat delegasi pasukan malaikat rahmat dan roh Jibril yang turun membawa instrumen putusan takdir dan kedamaian keselamatan hingga fajar membelah ufuk malam."
"98","Al-Bayyinah","4527","8","30-30","30-30","absent","1529","134","3","0","0","0","genetik","kosmik","yahudi; nasrani","klaim/analogi kesehatan perlu tinjauan; analogi sains/teknologi perlu tinjauan; sebutan kelompok agama perlu cek konteks","Menelanjangi akar kemunafikan para penentang berkedok intelektual dari kelompok elit Ahli Kitab purba dan penyembah pagan yang selalu beralasan menunggu mukjizat petunjuk tiba; Surat Al-Bayyinah datang mendeklarasikan kehadiran revolusioner Sang Utusan Pamungkas pembawa Lembaran Kitab Steril yang meluruskan pemalsuan doktrin masa lalu. Menyayat ironi keras kepala para pembangkang yang justru berpecah belah berkhianat membelot saat petunjuk kejelasan telah hadir telanjang di pelupuk mata. Surat ini merumuskan paku pondasi syarat sah legalitas agama yang bermuara murni pada kemurnian tauhid vertikal ibadah, rutinitas tiang sujud shalat, dan sebaran wajib kewajiban harta sosial (zakat), serta dipungkasi konklusi pamungkas penetapan dua kutub kasta akhir eksistensial kosmik yang paling ekstrem: kutukan neraka penjara bagi penganut seburuk-buruk penghuni daratan bumi (Syarrul Bariyyah), melawan kemewahan istana sungai surga abadi keridaan Ilahi di pelukan kasta sebaik-baik mahakarya makhluk peradaban penciptaan (Khairul Bariyyah)."
"99","Az-Zalzalah","4573","8","30-30","30-30","absent","1484","96","3","0","0","0","","kosmik","","analogi sains/teknologi perlu tinjauan","Membedah panggung teror guncangan kehancuran sistem tata mekanika geologis raga bumi kiamat, Surat Az-Zalzalah hadir mendeklarasikan peresmian mahkamah agung pengadilan neraca keadilan Tuhan. Ia melukiskan secara menakutkan bagaimana bumi dipaksa angkat bicara melempar melontarkan kesaksian rahasia kejahatan umat ke atas permukaan untuk menuntut di ruang peradilan. Resolusi mutlak dikunci di penutupnya: setiap raga bakal digiring berhamburan dikelompokkan massal demi menonton siaran tayangan audit mutlak di mana setiap kepak ketaatan kebaikan atom (zarrah) senyum sekecil debu akan diganjar apresiasi, sementara keping kezaliman durhaka yang paling lembut licik tersembunyi pun takkan luput dari ayunan palu keadilan perhitungan ilahi."
"100","Al-'Adiyat","4619","11","30-30","30-30","absent","1641","112","3","0","0","1","depresi","","","1 calon sisa penanda catatan; klaim/analogi kesehatan perlu tinjauan","Memainkan retorika psikologis linguistik yang amat memukau, Surat Al-'Adiyat membentangkan sumpah heroisme kuda pacuan perang yang rela menerjang mendadak menembus musuh di pagi buta hingga terengah-engah dan memercik api demi mematuhi majikan manusianya. Sumpah puitis kinetik ini merupakan senjata tamparan ilahi untuk mendiagnosis watak busuk manusia yang justru sering bertindak arogan, ingkar tak pandai berterima kasih ( Kanud ), dan sangat egois lantaran ditipu buta oleh kegilaan mencintai berhala tumpukan harta finansial. Surat ini ditutup dengan eksekusi ancaman eskatologi kiamat: kelak lubang perut bumi akan dibongkar hambur mengusir mayatnya, disusul pembongkaran penelanjangan paksa atas seluruh brankas niat tersembunyi kotor yang tersimpan di bilik dada, tanpa ada pengampunan atau negosiasi materi bagi sang pengingkar."
"101","Al-Qari'ah","4664","11","30-30","30-30","absent","1277","78","3","0","0","0","penyakit fisik; klinis; terapi","sains","","klaim/analogi kesehatan perlu tinjauan; analogi sains/teknologi perlu tinjauan","Surat Al-Qari'ah adalah hentakan eskatologis yang secara dramatis menggambarkan kengerian kiamat, di mana manusia akan bertebaran dalam kepanikan layaknya laron, dan gunung-gunung akan hancur berhamburan bagaikan bulu halus. Surat ini meletakkan pilar konstitusi keadilan Tuhan melalui neraca Mizan, menegaskan secara mutlak bahwa keselamatan abadi di surga hanya akan diraih oleh mereka yang berat timbangan amal kebaikannya. Sebaliknya, jurang neraka Hawiyah yang menyala panas telah bersiap menelan mereka yang timbangan amalnya ringan akibat kelalaian dan pengabaian spiritual di dunia."
"102","At-Takasur","4709","8","30-30","30-30","absent","1369","90","3","0","0","0","sindrom; terapi","","","klaim/analogi kesehatan perlu tinjauan","Surat At-Takathur merupakan teguran tajam nan mematikan terhadap manusia yang akalnya dilumpuhkan oleh penyakit materialisme dan persaingan tiada henti dalam menumpuk harta, status, serta pengaruh. Al-Qur'an menegaskan bahwa kelalaian buta tersebut baru akan terhenti secara tragis saat nyawa dicabut dan tubuh masuk ke dalam kuburan. Surat ini mendeklarasikan ancaman eskatologis bahwa manusia pendosa pasti akan menyaksikan neraka Jahim dengan mata kepalanya sendiri, dan ditutup dengan kepastian hukum bahwa setiap titik nikmat sekecil apa pun yang pernah dicecap di dunia pasti akan melalui proses audit yang ketat di hadapan mahkamah Allah."
"103","Al-'Asr","4754","3","30-30","30-30","absent","1305","85","3","0","0","0","","","","","Bersumpah secara sakral atas nama waktu yang terus berputar menggerus umur manusia, Surat Al-'Asr mendeklarasikan vonis kebangkrutan eksistensial bagi seluruh peradaban dan kelas sosial umat manusia tanpa terkecuali. Namun, di tengah keputusasaan tersebut, surat ini memberikan satu-satunya jalan keselamatan yang merangkum keseluruhan esensi ajaran Islam: manusia baru bisa diselamatkan dari kerugian abadi jika ia berhasil memadukan kesalehan pribadinya berupa iman dan amal saleh, dengan kesalehan sosial yang transformatif, yaitu kemauan untuk saling mengingatkan pada nilai kebenaran dan saling menguatkan dalam merawat kesabaran menghadapi penderitaan."
"104","Al-Humazah","4798","9","30-30","30-30","absent","1541","81","3","0","0","0","radiasi","sains","","klaim/analogi kesehatan perlu tinjauan; analogi sains/teknologi perlu tinjauan","Surat Al-Humazah merupakan vonis kebinasaan mengerikan yang secara langsung ditujukan kepada para pelaku kekerasan verbal (para pengumpat dan pencela), yang mana kesombongan lisan mereka disetir sepenuhnya oleh ilusi bahwa kekayaan material dapat membeli dan menjamin keabadian hidupnya di bumi. Al-Qur'an secara telak meruntuhkan keangkuhan lisan dan perlindungan brankas kekayaan tersebut dengan melemparkan mereka secara penuh kehinaan ke dalam cengkeraman Huthamah, sebuah entitas neraka yang apinya dikalibrasi khusus secara presisi untuk melompat meremukkan kebusukan dosa langsung ke pusat dasar jantung hati manusia."
"105","Al-Fil","4843","5","30-30","30-30","absent","1611","101","4","0","0","0","medis","forensik; biologis; sains","","klaim/analogi kesehatan perlu tinjauan; analogi sains/teknologi perlu tinjauan","Memutar kembali tuas memori peradaban atas insiden paling menggentarkan dalam catatan sejarah Jazirah Arab Makkah, Surat Al-Fil hadir untuk mendemonstrasikan secara empiris campur tangan mutlak kekuasaan Allah dalam melindungi kesucian Ka'bah dari agresi ekspansi militer lapis baja pasukan gajah pimpinan Abrahah. Melalui pengerahan strategi militer asimetris berupa pengiriman gelombang koloni burung udara yang menjatuhkan proyektil batu-batu kerikil api pembawa neraka, Allah meremukkan tiran adidaya tersebut hingga tubuh mereka hancur menjijikkan layaknya daun yang dikunyah ulat. Peristiwa ini menyuguhkan pelajaran teologis yang abadi, bahwa kekuatan tatanan militer duniawi sehebat apa pun dipastikan akan luluh lantak di hadapan kehendak Sang Pemelihara alam semesta."
"106","Quraisy","4889","4","30-30","30-30","absent","1851","129","3","0","0","0","","","","","Surat Quraisy diwahyukan dari langit hadir secara telanjang untuk menggedor dan membongkar kesombongan urat nadi elit pebisnis Makkah dengan mengingatkan mereka secara empiris akan dua nikmat terbesar tak tertandingi yang selama ini mereka monopoli di padang pasir: jaminan kelancaran rute bisnis diplomatik antarnegara yang menembus lintas benua serta terjaganya stabilitas keamanan pasokan pangan dari ancaman krisis mematikan kelaparan dan invasi militer musuh. Al-Qur'an secara keras menegaskan bahwa seluruh privilese sosiologis dan kenyamanan mewah tersebut murni dititipkan dan dipasok sebagai akibat langsung dari keberkahan Ka'bah yang suci, sehingga pemberian ini memicu munculnya konsekuensi logis tunggal yang tak bisa ditawar: orang Quraisy diwajibkan secara mutlak untuk menundukkan harga diri dan dahinya, beribadah menyembah semata-mata kepada Tuhan sang pemilik Ka'bah, seraya mencampakkan melepaskan pemujaan mereka yang penuh kebohongan terhadap bongkahan berhala patung."
"107","Al-Ma'un","4934","7","30-30","30-30","absent","591","35","3","0","0","0","","","","","Surat Al-Ma'un mendefinisikan pendusta agama bukan hanya dari sisi akidah, tetapi juga sikap sosial: menghardik anak yatim, tidak peduli pada orang miskin, salat dengan lalai dan riya, serta enggan membantu sesama sekalipun dengan hal-hal kecil."
"108","Al-Kausar","4978","3","30-30","30-30","absent","1011","54","3","0","0","0","depresi","","","klaim/analogi kesehatan perlu tinjauan","Surat Al-Kawthar adalah oase penghiburan bagi Rasulullah SAW ketika beliau berduka dan dihina oleh kaum musyrikin sebagai orang yang terputus nasabnya. Melalui surat terpendek ini, Allah menjanjikan kebaikan abadi berupa telaga Al-Kawthar, memerintahkan shalat dan kurban sebagai wujud syukur murni, serta mengunci kepastian bahwa justru para pembenci Nabi-lah yang akan lenyap dari panggung sejarah."
"109","Al-Kafirun","5021","6","30-30","30-30","absent","1055","64","3","0","0","0","","","","","Surat Al-Kafirun merupakan garis demarkasi yang memisahkan teologi monoteisme murni dengan segala tawaran sinkretisme kesyirikan. Diturunkan untuk menolak mentah-mentah proposal elite Quraisy yang meminta penyembahan tuhan secara bergilir, surat ini menutup rapat pintu kompromi ritual agama. Dengan repetisi tata bahasa yang sangat presisi, ia menyatakan penolakan tersebut berlaku untuk masa kini hingga akhir masa, serta merumuskan prinsip toleransi pasif: saling membiarkan di ranah akidah."
"110","An-Nasr","5065","3","30-30","30-30","absent","1033","64","3","0","0","0","","","","","Surat An-Nasr merupakan dokumen serah terima penyelesaian tugas risalah Nabi Muhammad SAW. Turun setelah Fathu Makkah, surat ini mendokumentasikan fenomena sosiologis masuk Islamnya manusia secara massal, namun segera meredam potensi euforia dengan instruksi merendahkan diri: bertasbih, memuji, dan memohon ampun. Di balik gegap gempita kemenangan tersebut, terselip pesan perpisahan perih yang disadari Ibnu Abbas bahwa ajal kembalinya sang Rasul ke haribaan Ilahi telah tiba."
"111","Al-Lahab","5106","5","30-30","30-30","absent","1097","88","3","0","0","0","","","","","Surat Al-Masad adalah vonis kebinasaan definitif atas tokoh antagonis utama fase Makkah, Abu Lahab dan istrinya, Ummu Jamil. Diturunkan sebagai respons balasan atas serangan lisan sang paman terhadap Nabi SAW di bukit Shafa, surat ini membuktikan mukjizat nubuwat di mana Abu Lahab mati dalam kekafiran sesuai prediksi akurat ayat tersebut sepuluh tahun sebelumnya. Lebih dari itu, surat ini mematahkan ideologi oligarki musyrik: setinggi apa pun nasab keturunan dan sebanyak apa pun harta yang ditumpuk, takkan sanggup menjadi pelindung dari keadilan gejolak api neraka jika sang pemilik menzalimi kebenaran."
"112","Al-Ikhlas","5148","4","30-30","30-30","absent","1045","72","4","0","0","0","genetik","biologis","","klaim/analogi kesehatan perlu tinjauan; analogi sains/teknologi perlu tinjauan","Surat Al-Ikhlas adalah konstitusi tertinggi monoteisme Islam yang mendestruksi segala kerangka pikir politeistik dan nasab ketuhanan. Diturunkan menjawab tuntutan kaum pagan untuk menjelaskan garis keturunan genetik Tuhan, surat ini memproklamirkan kemutlakan ketunggalan Allah, otoritas-Nya sebagai jangkar semesta yang tak butuh siapa pun, serta penolakan radikal atas konsep reproduksi biologis dan penyetaraan alamiah Tuhan dengan entitas makhluk mana pun. Surat agung bernilai sepertiga Al-Qur'an ini mencuci hati pemeluknya menjadi jernih tanpa noda syirik."
"113","Al-Falaq","5194","5","30-30","30-30","absent","1140","70","3","0","0","0","radiasi; sembuh total; penyakit mematikan; virus malaria; vaksin","biologis; bodyguard","yahudi","klaim/analogi kesehatan perlu tinjauan; analogi sains/teknologi perlu tinjauan; sebutan kelompok agama perlu cek konteks","Surat Al-Falaq adalah tameng ilahiyah penangkal invasi kejahatan eksternal. Diturunkan sebagai vaksin penawar atas serangan sihir tokoh Yahudi terhadap jasmani Nabi SAW di Madinah, surat ini merangkum ketauhidan suaka: manusia diwajibkan untuk menitipkan keamanan jiwanya semata-mata kepada Tuhan Penguasa Subuh. Doa ini dieksekusi guna meredam teror kejahatan fisik makhluk, menyibak ancaman kriminalitas pekat malam, menumpas okultisme para peniup buhul mistis, dan membentengi diri dari radiasi mematikan akibat kedengkian pengamat sosial."
"114","An-Nas","5237","6","30-30","30-30","absent","1073","79","4","0","0","0","imunisasi","frekuensi; sniper; biologis","yahudi","klaim/analogi kesehatan perlu tinjauan; analogi sains/teknologi perlu tinjauan; sebutan kelompok agama perlu cek konteks","Surat An-Nas mengakhiri ekspedisi panjang mushaf suci Al-Qur'an dengan menurunkan tirai proteksi internal di dada manusia. Bersanding menyeimbangkan fungsi Al-Falaq, wahyu ini melesakkan instruksi teologi memohon suaka pada perisai Tiga Otoritas Absolut Sang Pencipta guna mencerabut racun yang bermukim di inti manusia: Waswas. Surat ini mengupas tuntas trik gerilya pembisik keraguan, memperingatkan dengan lantang bahwa infiltrasi kejahatan tak hanya merayap di dimensi frekuensi jin gaib, namun kerap menyelinap terang-terangan terwujud fasih dalam pelukan circle pergaulan manusia toksik penyebar kemaksiatan."
